proyect,ident,source_data,source_metadata,age,notes,healthy how,cells_estimate
chan_zuckerberg,D6_CZ,https://us-west-2.console.aws.amazon.com/s3/buckets/czb-tabula-sapiens?region=us-west-2&bucketType=general&prefix=Pilot6/fastqs/10X/Aug19NovaSeqRun/&showversions=false,https://tabula-sapiens.sf.czbiohub.org/whereisthedata,67.0,overweight,NA,2500
chan_zuckerberg,D14_CZ,https://us-west-2.console.aws.amazon.com/s3/buckets/czb-tabula-sapiens?region=us-west-2&bucketType=general&prefix=Pilot14/fastqs/10X/&showversions=false,https://tabula-sapiens.sf.czbiohub.org/whereisthedata,59.0,"hypercholesterolemia, smoking and drinking, hypertension",NA,2500
ORG_15,D1_ORG15,https://explore.data.humancellatlas.org/projects/376a7f55-b876-4f60-9cf3-ed7bc83d5415/get-curl-command,NA,31.0,PM,transplant_candidate,5625
immune_cells,D1_IC,https://explore.data.humancellatlas.org/projects/559bb888-7829-41f2-ace5-2c05c7eb81e9/get-curl-command,https://storage.googleapis.com/datarepo-464bbfaa-bucket/dfeadde7-818d-490b-9b06-2d923bc49091/82f29970-a3d6-4e61-88cc-dfeef1a9b225/HumanLiverImmuneCells_GSE125188_metadata_18-07-2023.xlsx?X-Goog-Algorithm=GOOG4-RSA-SHA256&X-Goog-Credential=datarepo-jade-api%40terra-datarepo-production.iam.gserviceaccount.com%2F20240930%2Fauto%2Fstorage%2Fgoog4_request&X-Goog-Date=20240930T175624Z&X-Goog-Expires=900&X-Goog-SignedHeaders=host&requestedBy=azul-ucsc-0-public-prod%40platform-hca-prod.iam.gserviceaccount.com&userProject=datarepo-c35a61eb&X-Goog-Signature=769c3c8de5b2dfc1c9c9720bda6b827d9dba72faffcb0092da0e31ae3f5a7d45ed38b15b90baae1176fe616c56eee3880b765db7e35156b6d199a054928d96e360766be6d1d0451180d36d75a68a9bca930200fe39b4c9935b7c567e8e07782d658c1c229139e5174113cafa06d658758e832029494d4d5ea055c37ff0fcde6a7fc6376166c89f1f0c3aef3e8b6003a37c66520c92f62ad26adc0712c63882d36fdd2ee945ffcf0f2d53a4c65aab696250797ee75231c02f309b686c249d061d5bed61534840765e5ec8aa7009b05db9f6d793926b44aec38903fb391020c37294bfebd8a1370d597b69c418c0e4d8e97e41a16145d83d8e0027c0a27eef8e83,41.0,"CD45ONLY, PM",transplant_candidate,23000
immune_cells,D2_IC,https://explore.data.humancellatlas.org/projects/559bb888-7829-41f2-ace5-2c05c7eb81e9/get-curl-command,https://storage.googleapis.com/datarepo-464bbfaa-bucket/dfeadde7-818d-490b-9b06-2d923bc49091/82f29970-a3d6-4e61-88cc-dfeef1a9b225/HumanLiverImmuneCells_GSE125188_metadata_18-07-2023.xlsx?X-Goog-Algorithm=GOOG4-RSA-SHA256&X-Goog-Credential=datarepo-jade-api%40terra-datarepo-production.iam.gserviceaccount.com%2F20240930%2Fauto%2Fstorage%2Fgoog4_request&X-Goog-Date=20240930T175624Z&X-Goog-Expires=900&X-Goog-SignedHeaders=host&requestedBy=azul-ucsc-0-public-prod%40platform-hca-prod.iam.gserviceaccount.com&userProject=datarepo-c35a61eb&X-Goog-Signature=769c3c8de5b2dfc1c9c9720bda6b827d9dba72faffcb0092da0e31ae3f5a7d45ed38b15b90baae1176fe616c56eee3880b765db7e35156b6d199a054928d96e360766be6d1d0451180d36d75a68a9bca930200fe39b4c9935b7c567e8e07782d658c1c229139e5174113cafa06d658758e832029494d4d5ea055c37ff0fcde6a7fc6376166c89f1f0c3aef3e8b6003a37c66520c92f62ad26adc0712c63882d36fdd2ee945ffcf0f2d53a4c65aab696250797ee75231c02f309b686c249d061d5bed61534840765e5ec8aa7009b05db9f6d793926b44aec38903fb391020c37294bfebd8a1370d597b69c418c0e4d8e97e41a16145d83d8e0027c0a27eef8e83,27.0,"CD45ONLY, PM",transplant_candidate,23000
immune_cells,D3_IC,https://explore.data.humancellatlas.org/projects/559bb888-7829-41f2-ace5-2c05c7eb81e9/get-curl-command,https://storage.googleapis.com/datarepo-464bbfaa-bucket/dfeadde7-818d-490b-9b06-2d923bc49091/82f29970-a3d6-4e61-88cc-dfeef1a9b225/HumanLiverImmuneCells_GSE125188_metadata_18-07-2023.xlsx?X-Goog-Algorithm=GOOG4-RSA-SHA256&X-Goog-Credential=datarepo-jade-api%40terra-datarepo-production.iam.gserviceaccount.com%2F20240930%2Fauto%2Fstorage%2Fgoog4_request&X-Goog-Date=20240930T175624Z&X-Goog-Expires=900&X-Goog-SignedHeaders=host&requestedBy=azul-ucsc-0-public-prod%40platform-hca-prod.iam.gserviceaccount.com&userProject=datarepo-c35a61eb&X-Goog-Signature=769c3c8de5b2dfc1c9c9720bda6b827d9dba72faffcb0092da0e31ae3f5a7d45ed38b15b90baae1176fe616c56eee3880b765db7e35156b6d199a054928d96e360766be6d1d0451180d36d75a68a9bca930200fe39b4c9935b7c567e8e07782d658c1c229139e5174113cafa06d658758e832029494d4d5ea055c37ff0fcde6a7fc6376166c89f1f0c3aef3e8b6003a37c66520c92f62ad26adc0712c63882d36fdd2ee945ffcf0f2d53a4c65aab696250797ee75231c02f309b686c249d061d5bed61534840765e5ec8aa7009b05db9f6d793926b44aec38903fb391020c37294bfebd8a1370d597b69c418c0e4d8e97e41a16145d83d8e0027c0a27eef8e83,56.0,"CD45ONLY, PM",transplant_candidate,23000
macrophages,D1_MP,https://explore.data.humancellatlas.org/projects/4d6f6c96-2a83-43d8-8fe1-0f53bffd4674,https://s3.amazonaws.com/edu-ucsc-gi-platform-hca-prod-storage-prod.us-east-1/manifests/e3f2b43a-9f2f-5d15-9df2-8677f2a6cc11.9ccdeae8-d057-5cde-ad9f-6736e27acb4f.tsv?response-content-disposition=attachment%3Bfilename%3D%22SingleCellLiverLandscape+2024-09-30+15.05.tsv%22&AWSAccessKeyId=ASIAX4XVRZKHPCFAAVTA&Signature=vnUw2b2q6%2F3tlNFXaiUvPMIMSqY%3D&x-amz-security-token=IQoJb3JpZ2luX2VjEDMaCXVzLWVhc3QtMSJGMEQCIHees6bPa7P3o0ODWjEmat9lnbyPgWbo1PmPoIPVGAC%2FAiBQrTwRxRgUTOG%2F4NC1%2FrJdcEteua%2B5GJ%2FWL0JczPkbaCr2Agh8EAIaDDU0Mjc1NDU4OTMyNiIMiFgrKnuF0xp%2BVr2hKtMCH6xQy1c1PeSn16A%2FQsogWdU9B0FcLL4c40LvkKZkb82PzB1doYP2dCQYayjZ8LKIdUUqfqDyOaHxEX8mtu6%2B4MUbJa9C9ZQP9tS3O1%2Fom%2FARV0ytGw2w2zqLceFjtoGFXDL8J4BG8xdDrxyEB6Tsxf7zUCMjaQclR64cTci9coIJi7wFnGfeSz4P4VO5krQ8dwmiEie7WhUfPI9b3d3m07GbeQ8RKX%2Fx7qb%2BA7xFSiwSJNNx94IdYww6QGd%2BLFT618OwzleGcZ2cUjVsa%2BOvoUxSEkX0lO4V%2FsHwzbBHIRMSNNCDV90aWO142v2LtfrWvi4Th%2FCLOChp1hA%2BLluZF9dxdhAm9b4sF%2BENiH30WoODkm39%2FUE5I5opfuXMF%2BE%2BpTi1IFGS4XwDuQBbXZeUqioU%2F5OGuDqJG3wEBviJGszYCo8uHTtiRBIHNWj2bF79Lx2eMO%2FY67cGOp8B8FA6Rb3vfnn5s%2Bz8VaksGyDoBCZ7yCAaL3qM7RwlIzwod0GMq%2FDMInEwmVzSSIE5RHfcEQhHU2nBqOqUnILBYijYs%2Byuvy1x4UaweV4NEL1Jv7A%2BA6AtMgKt8ivgRbKQI0lrMo6Dta526%2F1q1YEJFjIOd08o6Z80Nwd1QoSNvY4YDb6U%2FmiCuCjUQ%2Fu%2BMzdVp8isOFIh9P8eOiBLCbOG&Expires=1727724667,21.0,"overweight, heroin overdose",Histopath,6000
macrophages,D2_MP,https://explore.data.humancellatlas.org/projects/4d6f6c96-2a83-43d8-8fe1-0f53bffd4674,https://s3.amazonaws.com/edu-ucsc-gi-platform-hca-prod-storage-prod.us-east-1/manifests/e3f2b43a-9f2f-5d15-9df2-8677f2a6cc11.9ccdeae8-d057-5cde-ad9f-6736e27acb4f.tsv?response-content-disposition=attachment%3Bfilename%3D%22SingleCellLiverLandscape+2024-09-30+15.05.tsv%22&AWSAccessKeyId=ASIAX4XVRZKHPCFAAVTA&Signature=vnUw2b2q6%2F3tlNFXaiUvPMIMSqY%3D&x-amz-security-token=IQoJb3JpZ2luX2VjEDMaCXVzLWVhc3QtMSJGMEQCIHees6bPa7P3o0ODWjEmat9lnbyPgWbo1PmPoIPVGAC%2FAiBQrTwRxRgUTOG%2F4NC1%2FrJdcEteua%2B5GJ%2FWL0JczPkbaCr2Agh8EAIaDDU0Mjc1NDU4OTMyNiIMiFgrKnuF0xp%2BVr2hKtMCH6xQy1c1PeSn16A%2FQsogWdU9B0FcLL4c40LvkKZkb82PzB1doYP2dCQYayjZ8LKIdUUqfqDyOaHxEX8mtu6%2B4MUbJa9C9ZQP9tS3O1%2Fom%2FARV0ytGw2w2zqLceFjtoGFXDL8J4BG8xdDrxyEB6Tsxf7zUCMjaQclR64cTci9coIJi7wFnGfeSz4P4VO5krQ8dwmiEie7WhUfPI9b3d3m07GbeQ8RKX%2Fx7qb%2BA7xFSiwSJNNx94IdYww6QGd%2BLFT618OwzleGcZ2cUjVsa%2BOvoUxSEkX0lO4V%2FsHwzbBHIRMSNNCDV90aWO142v2LtfrWvi4Th%2FCLOChp1hA%2BLluZF9dxdhAm9b4sF%2BENiH30WoODkm39%2FUE5I5opfuXMF%2BE%2BpTi1IFGS4XwDuQBbXZeUqioU%2F5OGuDqJG3wEBviJGszYCo8uHTtiRBIHNWj2bF79Lx2eMO%2FY67cGOp8B8FA6Rb3vfnn5s%2Bz8VaksGyDoBCZ7yCAaL3qM7RwlIzwod0GMq%2FDMInEwmVzSSIE5RHfcEQhHU2nBqOqUnILBYijYs%2Byuvy1x4UaweV4NEL1Jv7A%2BA6AtMgKt8ivgRbKQI0lrMo6Dta526%2F1q1YEJFjIOd08o6Z80Nwd1QoSNvY4YDb6U%2FmiCuCjUQ%2Fu%2BMzdVp8isOFIh9P8eOiBLCbOG&Expires=1727724667,26.0,obesity,Histopath,6000
macrophages,D3_MP,https://explore.data.humancellatlas.org/projects/4d6f6c96-2a83-43d8-8fe1-0f53bffd4674,https://s3.amazonaws.com/edu-ucsc-gi-platform-hca-prod-storage-prod.us-east-1/manifests/e3f2b43a-9f2f-5d15-9df2-8677f2a6cc11.9ccdeae8-d057-5cde-ad9f-6736e27acb4f.tsv?response-content-disposition=attachment%3Bfilename%3D%22SingleCellLiverLandscape+2024-09-30+15.05.tsv%22&AWSAccessKeyId=ASIAX4XVRZKHPCFAAVTA&Signature=vnUw2b2q6%2F3tlNFXaiUvPMIMSqY%3D&x-amz-security-token=IQoJb3JpZ2luX2VjEDMaCXVzLWVhc3QtMSJGMEQCIHees6bPa7P3o0ODWjEmat9lnbyPgWbo1PmPoIPVGAC%2FAiBQrTwRxRgUTOG%2F4NC1%2FrJdcEteua%2B5GJ%2FWL0JczPkbaCr2Agh8EAIaDDU0Mjc1NDU4OTMyNiIMiFgrKnuF0xp%2BVr2hKtMCH6xQy1c1PeSn16A%2FQsogWdU9B0FcLL4c40LvkKZkb82PzB1doYP2dCQYayjZ8LKIdUUqfqDyOaHxEX8mtu6%2B4MUbJa9C9ZQP9tS3O1%2Fom%2FARV0ytGw2w2zqLceFjtoGFXDL8J4BG8xdDrxyEB6Tsxf7zUCMjaQclR64cTci9coIJi7wFnGfeSz4P4VO5krQ8dwmiEie7WhUfPI9b3d3m07GbeQ8RKX%2Fx7qb%2BA7xFSiwSJNNx94IdYww6QGd%2BLFT618OwzleGcZ2cUjVsa%2BOvoUxSEkX0lO4V%2FsHwzbBHIRMSNNCDV90aWO142v2LtfrWvi4Th%2FCLOChp1hA%2BLluZF9dxdhAm9b4sF%2BENiH30WoODkm39%2FUE5I5opfuXMF%2BE%2BpTi1IFGS4XwDuQBbXZeUqioU%2F5OGuDqJG3wEBviJGszYCo8uHTtiRBIHNWj2bF79Lx2eMO%2FY67cGOp8B8FA6Rb3vfnn5s%2Bz8VaksGyDoBCZ7yCAaL3qM7RwlIzwod0GMq%2FDMInEwmVzSSIE5RHfcEQhHU2nBqOqUnILBYijYs%2Byuvy1x4UaweV4NEL1Jv7A%2BA6AtMgKt8ivgRbKQI0lrMo6Dta526%2F1q1YEJFjIOd08o6Z80Nwd1QoSNvY4YDb6U%2FmiCuCjUQ%2Fu%2BMzdVp8isOFIh9P8eOiBLCbOG&Expires=1727724667,41.0,"morbid obesity, tabaquism",Histopath,6000
macrophages,D4_MP,https://explore.data.humancellatlas.org/projects/4d6f6c96-2a83-43d8-8fe1-0f53bffd4674,https://s3.amazonaws.com/edu-ucsc-gi-platform-hca-prod-storage-prod.us-east-1/manifests/e3f2b43a-9f2f-5d15-9df2-8677f2a6cc11.9ccdeae8-d057-5cde-ad9f-6736e27acb4f.tsv?response-content-disposition=attachment%3Bfilename%3D%22SingleCellLiverLandscape+2024-09-30+15.05.tsv%22&AWSAccessKeyId=ASIAX4XVRZKHPCFAAVTA&Signature=vnUw2b2q6%2F3tlNFXaiUvPMIMSqY%3D&x-amz-security-token=IQoJb3JpZ2luX2VjEDMaCXVzLWVhc3QtMSJGMEQCIHees6bPa7P3o0ODWjEmat9lnbyPgWbo1PmPoIPVGAC%2FAiBQrTwRxRgUTOG%2F4NC1%2FrJdcEteua%2B5GJ%2FWL0JczPkbaCr2Agh8EAIaDDU0Mjc1NDU4OTMyNiIMiFgrKnuF0xp%2BVr2hKtMCH6xQy1c1PeSn16A%2FQsogWdU9B0FcLL4c40LvkKZkb82PzB1doYP2dCQYayjZ8LKIdUUqfqDyOaHxEX8mtu6%2B4MUbJa9C9ZQP9tS3O1%2Fom%2FARV0ytGw2w2zqLceFjtoGFXDL8J4BG8xdDrxyEB6Tsxf7zUCMjaQclR64cTci9coIJi7wFnGfeSz4P4VO5krQ8dwmiEie7WhUfPI9b3d3m07GbeQ8RKX%2Fx7qb%2BA7xFSiwSJNNx94IdYww6QGd%2BLFT618OwzleGcZ2cUjVsa%2BOvoUxSEkX0lO4V%2FsHwzbBHIRMSNNCDV90aWO142v2LtfrWvi4Th%2FCLOChp1hA%2BLluZF9dxdhAm9b4sF%2BENiH30WoODkm39%2FUE5I5opfuXMF%2BE%2BpTi1IFGS4XwDuQBbXZeUqioU%2F5OGuDqJG3wEBviJGszYCo8uHTtiRBIHNWj2bF79Lx2eMO%2FY67cGOp8B8FA6Rb3vfnn5s%2Bz8VaksGyDoBCZ7yCAaL3qM7RwlIzwod0GMq%2FDMInEwmVzSSIE5RHfcEQhHU2nBqOqUnILBYijYs%2Byuvy1x4UaweV4NEL1Jv7A%2BA6AtMgKt8ivgRbKQI0lrMo6Dta526%2F1q1YEJFjIOd08o6Z80Nwd1QoSNvY4YDb6U%2FmiCuCjUQ%2Fu%2BMzdVp8isOFIh9P8eOiBLCbOG&Expires=1727724667,44.0,"obesity, alcoholic, tabaquism",Histopath,6000
macrophages,D5_MP,https://explore.data.humancellatlas.org/projects/4d6f6c96-2a83-43d8-8fe1-0f53bffd4674,https://s3.amazonaws.com/edu-ucsc-gi-platform-hca-prod-storage-prod.us-east-1/manifests/e3f2b43a-9f2f-5d15-9df2-8677f2a6cc11.9ccdeae8-d057-5cde-ad9f-6736e27acb4f.tsv?response-content-disposition=attachment%3Bfilename%3D%22SingleCellLiverLandscape+2024-09-30+15.05.tsv%22&AWSAccessKeyId=ASIAX4XVRZKHPCFAAVTA&Signature=vnUw2b2q6%2F3tlNFXaiUvPMIMSqY%3D&x-amz-security-token=IQoJb3JpZ2luX2VjEDMaCXVzLWVhc3QtMSJGMEQCIHees6bPa7P3o0ODWjEmat9lnbyPgWbo1PmPoIPVGAC%2FAiBQrTwRxRgUTOG%2F4NC1%2FrJdcEteua%2B5GJ%2FWL0JczPkbaCr2Agh8EAIaDDU0Mjc1NDU4OTMyNiIMiFgrKnuF0xp%2BVr2hKtMCH6xQy1c1PeSn16A%2FQsogWdU9B0FcLL4c40LvkKZkb82PzB1doYP2dCQYayjZ8LKIdUUqfqDyOaHxEX8mtu6%2B4MUbJa9C9ZQP9tS3O1%2Fom%2FARV0ytGw2w2zqLceFjtoGFXDL8J4BG8xdDrxyEB6Tsxf7zUCMjaQclR64cTci9coIJi7wFnGfeSz4P4VO5krQ8dwmiEie7WhUfPI9b3d3m07GbeQ8RKX%2Fx7qb%2BA7xFSiwSJNNx94IdYww6QGd%2BLFT618OwzleGcZ2cUjVsa%2BOvoUxSEkX0lO4V%2FsHwzbBHIRMSNNCDV90aWO142v2LtfrWvi4Th%2FCLOChp1hA%2BLluZF9dxdhAm9b4sF%2BENiH30WoODkm39%2FUE5I5opfuXMF%2BE%2BpTi1IFGS4XwDuQBbXZeUqioU%2F5OGuDqJG3wEBviJGszYCo8uHTtiRBIHNWj2bF79Lx2eMO%2FY67cGOp8B8FA6Rb3vfnn5s%2Bz8VaksGyDoBCZ7yCAaL3qM7RwlIzwod0GMq%2FDMInEwmVzSSIE5RHfcEQhHU2nBqOqUnILBYijYs%2Byuvy1x4UaweV4NEL1Jv7A%2BA6AtMgKt8ivgRbKQI0lrMo6Dta526%2F1q1YEJFjIOd08o6Z80Nwd1QoSNvY4YDb6U%2FmiCuCjUQ%2Fu%2BMzdVp8isOFIh9P8eOiBLCbOG&Expires=1727724667,65.0,obesity,Histopath,6000
SC_SN,D2_CTLH,https://explore.data.humancellatlas.org/projects/8a666b76-daaf-4b1f-9414-e4807a1d1e8b,https://s3.amazonaws.com/edu-ucsc-gi-platform-hca-prod-storage-prod.us-east-1/manifests/3978b31a-c34d-5e78-8513-93e6eac9ee3d.ecc110f6-9df6-5a4d-beb0-ecc8caa7f028.tsv?response-content-disposition=attachment%3Bfilename%3D%22SingleCell%2CSingleNucleusandSpatialRNASequencingoft+2024-10-07+16.12.tsv%22&AWSAccessKeyId=ASIAX4XVRZKHG273EAWE&Signature=cUie7JwWCX2eAnB9ciJ6SauJDMk%3D&x-amz-security-token=IQoJb3JpZ2luX2VjENf%2F%2F%2F%2F%2F%2F%2F%2F%2F%2FwEaCXVzLWVhc3QtMSJGMEQCIAZJ9Nb0N7o%2FHao6ch3HdQgNMEbdWyXEZgWGIBRD1yfdAiA5a4TIiGH5MoIR8T0OXicPZnPN9qdR5W2FPdHegmLgzyr2AggwEAIaDDU0Mjc1NDU4OTMyNiIMdXMLLR%2FFIkG%2F90UHKtMCNHz8BNDkmiuYS2ZCYd7H5YAH3mbcr%2Bjp7zbwuhx%2FwCKdB3wIBDbHjsJiOH27%2FPBpzJz2kWsg7h7Zo7txBsMM38En4zIQiyxp3evmvCiGretaUceUMkq%2F8xD1%2BJugkIGRVC0%2B7cowWsdB9MtDW1IkmhzA3vIVC8qrvE6l%2FOjict78p0WZ0kHwVK5VXMZv4o3mLBo1E5oye0ZRczPM3KLwTHipaWfHFux805farri0KHu1fs3905C9%2BMpTZW1M7iMv%2B5julrE6GQmmQuXBcr8acCJZ%2BAApP6Et7%2ByVFqWm%2BMO%2F%2BP0uSLY3iWIbmqi8mZ5Sb6oXzi9ovYqj2YD3X8EUZfgi3Ql%2FMjjqS7nm1OB0gEoMeI9l57SWWgYmhfDFY1ihIUmTY5csjo8E36N8W1Gdz%2F28sH7j0bqdkUSye5LRjgwAWIXuS58a7hrFLdiiSOJotIO5MNHsj7gGOp8BzCLg1%2B%2B0atMVCVP3rv9o9%2Bh8U%2Fm%2F2o57NslVIrazy1R0tjeQ4WjS%2FGTLc4r4oFYsHcgSzgXiSXZIasxPnJ43LZoTAYkXg%2Bk6eqcr5cC090%2FVSCiVJO3k5JS4qPucSxsyqgG9xjkKpVYcaOzxPSs2NKkStBXUYZa0WD4vra5V7gpGzrkiCozlmZ8AiTpwcVzpu6kg8gzgHXWxxbThgsjE&Expires=1728322603,30-60,PM transplant,Histopath,6000
SC_SN,D3_C70,https://explore.data.humancellatlas.org/projects/8a666b76-daaf-4b1f-9414-e4807a1d1e8b,https://s3.amazonaws.com/edu-ucsc-gi-platform-hca-prod-storage-prod.us-east-1/manifests/3978b31a-c34d-5e78-8513-93e6eac9ee3d.ecc110f6-9df6-5a4d-beb0-ecc8caa7f028.tsv?response-content-disposition=attachment%3Bfilename%3D%22SingleCell%2CSingleNucleusandSpatialRNASequencingoft+2024-10-07+16.12.tsv%22&AWSAccessKeyId=ASIAX4XVRZKHG273EAWE&Signature=cUie7JwWCX2eAnB9ciJ6SauJDMk%3D&x-amz-security-token=IQoJb3JpZ2luX2VjENf%2F%2F%2F%2F%2F%2F%2F%2F%2F%2FwEaCXVzLWVhc3QtMSJGMEQCIAZJ9Nb0N7o%2FHao6ch3HdQgNMEbdWyXEZgWGIBRD1yfdAiA5a4TIiGH5MoIR8T0OXicPZnPN9qdR5W2FPdHegmLgzyr2AggwEAIaDDU0Mjc1NDU4OTMyNiIMdXMLLR%2FFIkG%2F90UHKtMCNHz8BNDkmiuYS2ZCYd7H5YAH3mbcr%2Bjp7zbwuhx%2FwCKdB3wIBDbHjsJiOH27%2FPBpzJz2kWsg7h7Zo7txBsMM38En4zIQiyxp3evmvCiGretaUceUMkq%2F8xD1%2BJugkIGRVC0%2B7cowWsdB9MtDW1IkmhzA3vIVC8qrvE6l%2FOjict78p0WZ0kHwVK5VXMZv4o3mLBo1E5oye0ZRczPM3KLwTHipaWfHFux805farri0KHu1fs3905C9%2BMpTZW1M7iMv%2B5julrE6GQmmQuXBcr8acCJZ%2BAApP6Et7%2ByVFqWm%2BMO%2F%2BP0uSLY3iWIbmqi8mZ5Sb6oXzi9ovYqj2YD3X8EUZfgi3Ql%2FMjjqS7nm1OB0gEoMeI9l57SWWgYmhfDFY1ihIUmTY5csjo8E36N8W1Gdz%2F28sH7j0bqdkUSye5LRjgwAWIXuS58a7hrFLdiiSOJotIO5MNHsj7gGOp8BzCLg1%2B%2B0atMVCVP3rv9o9%2Bh8U%2Fm%2F2o57NslVIrazy1R0tjeQ4WjS%2FGTLc4r4oFYsHcgSzgXiSXZIasxPnJ43LZoTAYkXg%2Bk6eqcr5cC090%2FVSCiVJO3k5JS4qPucSxsyqgG9xjkKpVYcaOzxPSs2NKkStBXUYZa0WD4vra5V7gpGzrkiCozlmZ8AiTpwcVzpu6kg8gzgHXWxxbThgsjE&Expires=1728322604,30-60,PM transplant,Histopath,6000
SC_SN,D4_C72,https://explore.data.humancellatlas.org/projects/8a666b76-daaf-4b1f-9414-e4807a1d1e8b,https://s3.amazonaws.com/edu-ucsc-gi-platform-hca-prod-storage-prod.us-east-1/manifests/3978b31a-c34d-5e78-8513-93e6eac9ee3d.ecc110f6-9df6-5a4d-beb0-ecc8caa7f028.tsv?response-content-disposition=attachment%3Bfilename%3D%22SingleCell%2CSingleNucleusandSpatialRNASequencingoft+2024-10-07+16.12.tsv%22&AWSAccessKeyId=ASIAX4XVRZKHG273EAWE&Signature=cUie7JwWCX2eAnB9ciJ6SauJDMk%3D&x-amz-security-token=IQoJb3JpZ2luX2VjENf%2F%2F%2F%2F%2F%2F%2F%2F%2F%2FwEaCXVzLWVhc3QtMSJGMEQCIAZJ9Nb0N7o%2FHao6ch3HdQgNMEbdWyXEZgWGIBRD1yfdAiA5a4TIiGH5MoIR8T0OXicPZnPN9qdR5W2FPdHegmLgzyr2AggwEAIaDDU0Mjc1NDU4OTMyNiIMdXMLLR%2FFIkG%2F90UHKtMCNHz8BNDkmiuYS2ZCYd7H5YAH3mbcr%2Bjp7zbwuhx%2FwCKdB3wIBDbHjsJiOH27%2FPBpzJz2kWsg7h7Zo7txBsMM38En4zIQiyxp3evmvCiGretaUceUMkq%2F8xD1%2BJugkIGRVC0%2B7cowWsdB9MtDW1IkmhzA3vIVC8qrvE6l%2FOjict78p0WZ0kHwVK5VXMZv4o3mLBo1E5oye0ZRczPM3KLwTHipaWfHFux805farri0KHu1fs3905C9%2BMpTZW1M7iMv%2B5julrE6GQmmQuXBcr8acCJZ%2BAApP6Et7%2ByVFqWm%2BMO%2F%2BP0uSLY3iWIbmqi8mZ5Sb6oXzi9ovYqj2YD3X8EUZfgi3Ql%2FMjjqS7nm1OB0gEoMeI9l57SWWgYmhfDFY1ihIUmTY5csjo8E36N8W1Gdz%2F28sH7j0bqdkUSye5LRjgwAWIXuS58a7hrFLdiiSOJotIO5MNHsj7gGOp8BzCLg1%2B%2B0atMVCVP3rv9o9%2Bh8U%2Fm%2F2o57NslVIrazy1R0tjeQ4WjS%2FGTLc4r4oFYsHcgSzgXiSXZIasxPnJ43LZoTAYkXg%2Bk6eqcr5cC090%2FVSCiVJO3k5JS4qPucSxsyqgG9xjkKpVYcaOzxPSs2NKkStBXUYZa0WD4vra5V7gpGzrkiCozlmZ8AiTpwcVzpu6kg8gzgHXWxxbThgsjE&Expires=1728322605,18-30,PM transplant,Histopath,6000
SC_SN,D1_41,https://explore.data.humancellatlas.org/projects/8a666b76-daaf-4b1f-9414-e4807a1d1e8b,https://s3.amazonaws.com/edu-ucsc-gi-platform-hca-prod-storage-prod.us-east-1/manifests/3978b31a-c34d-5e78-8513-93e6eac9ee3d.ecc110f6-9df6-5a4d-beb0-ecc8caa7f028.tsv?response-content-disposition=attachment%3Bfilename%3D%22SingleCell%2CSingleNucleusandSpatialRNASequencingoft+2024-10-07+16.12.tsv%22&AWSAccessKeyId=ASIAX4XVRZKHG273EAWE&Signature=cUie7JwWCX2eAnB9ciJ6SauJDMk%3D&x-amz-security-token=IQoJb3JpZ2luX2VjENf%2F%2F%2F%2F%2F%2F%2F%2F%2F%2FwEaCXVzLWVhc3QtMSJGMEQCIAZJ9Nb0N7o%2FHao6ch3HdQgNMEbdWyXEZgWGIBRD1yfdAiA5a4TIiGH5MoIR8T0OXicPZnPN9qdR5W2FPdHegmLgzyr2AggwEAIaDDU0Mjc1NDU4OTMyNiIMdXMLLR%2FFIkG%2F90UHKtMCNHz8BNDkmiuYS2ZCYd7H5YAH3mbcr%2Bjp7zbwuhx%2FwCKdB3wIBDbHjsJiOH27%2FPBpzJz2kWsg7h7Zo7txBsMM38En4zIQiyxp3evmvCiGretaUceUMkq%2F8xD1%2BJugkIGRVC0%2B7cowWsdB9MtDW1IkmhzA3vIVC8qrvE6l%2FOjict78p0WZ0kHwVK5VXMZv4o3mLBo1E5oye0ZRczPM3KLwTHipaWfHFux805farri0KHu1fs3905C9%2BMpTZW1M7iMv%2B5julrE6GQmmQuXBcr8acCJZ%2BAApP6Et7%2ByVFqWm%2BMO%2F%2BP0uSLY3iWIbmqi8mZ5Sb6oXzi9ovYqj2YD3X8EUZfgi3Ql%2FMjjqS7nm1OB0gEoMeI9l57SWWgYmhfDFY1ihIUmTY5csjo8E36N8W1Gdz%2F28sH7j0bqdkUSye5LRjgwAWIXuS58a7hrFLdiiSOJotIO5MNHsj7gGOp8BzCLg1%2B%2B0atMVCVP3rv9o9%2Bh8U%2Fm%2F2o57NslVIrazy1R0tjeQ4WjS%2FGTLc4r4oFYsHcgSzgXiSXZIasxPnJ43LZoTAYkXg%2Bk6eqcr5cC090%2FVSCiVJO3k5JS4qPucSxsyqgG9xjkKpVYcaOzxPSs2NKkStBXUYZa0WD4vra5V7gpGzrkiCozlmZ8AiTpwcVzpu6kg8gzgHXWxxbThgsjE&Expires=1728322606,41.0,PM transplant,histopath,6000
fibrotic,D1_H,https://explore.data.humancellatlas.org/projects/c41dffbf-ad83-447c-a0e1-13e689d9b258,https://s3.amazonaws.com/edu-ucsc-gi-platform-hca-prod-storage-prod.us-east-1/manifests/090e34d0-cab0-5171-b189-313a7207de69.ecc110f6-9df6-5a4d-beb0-ecc8caa7f028.tsv?response-content-disposition=attachment%3Bfilename%3D%22HealthyAndCirrhoticLiver+2024-10-07+15.26.tsv%22&AWSAccessKeyId=ASIAX4XVRZKHFRH2FOZO&Signature=NY7sgoW6FwvMZ0kcZqbAU70qDyw%3D&x-amz-security-token=IQoJb3JpZ2luX2VjENn%2F%2F%2F%2F%2F%2F%2F%2F%2F%2FwEaCXVzLWVhc3QtMSJIMEYCIQCzxydzyXBrvr33D8U1HIca4dhvgdOHRyEcU3Vu0PQvtAIhAPOZ5c572EyivoNM%2BGv5B392NmFVZFGlvOaLwP7RDTXWKvYCCDIQAhoMNTQyNzU0NTg5MzI2IgyBsVhlXHUNmDxLdEYq0wIeqh6hnc9QmlgxoSoq1a0s%2FsRI8ixFX9xPffB6F3Vrfy3oZDEKv5KVHjAwOStu90x6kODzqXmiyR%2Fc23nMr8mY7wnhxZsew6But1KDvZUheVAK4TZ%2FeAp%2BD0vRBfkWP1QDbzCU8agfMlXz9gJEtiZ9MNgyPCtIILC7N5k4y93AWfpcEsHk2xENifuiGpbi4igbjJOVCLUzRCO4i2yvURoutQRVe25o0GPz%2FKP%2FIrOBQs5VN%2Bv4jziuGiZx22nJ6yZtuFSpbyfb4Hvr4YWy%2FDxOzlVvItXUqqJQ2%2Ba3rTXbcRpDbyfXh75KMO32fGOLppIeKMGbQ3Z0KvqpavfReinbisIGWCvUnu7AsSM6wCN9Y2rI4z6tqSrJvMCtlzvDOTJsdpn3A6JRB1ugpsDOBPi%2BkK08RgCwcOS78olYxoC%2B3oXNbCQApcNoOKJW0ENn%2FS315EQw4qiQuAY6nQGvs8avlLB3ftzUuQi47VXT%2F9PTiAuAAR1dzZcmMI06t32EF3hxNCbV5S46M93sAC1AwS7jXAld25BAf0FpX3G5Tx1SxT%2FiCtoeumLXmTOOGF6%2B2rH9Ow2ZfA0DwaiCyzMKBmom1cUSfscrAarQXJ8FyoTBkeXTcoUb9fqqOwQHYNAF7TzCZnFTcbdI%2BJG9i%2FGSkYSnS0yxfuXsqL3V&Expires=1728325103,49.5-65.3,BH available,histopath,10000
fibrotic,D2_H,https://explore.data.humancellatlas.org/projects/c41dffbf-ad83-447c-a0e1-13e689d9b259,https://s3.amazonaws.com/edu-ucsc-gi-platform-hca-prod-storage-prod.us-east-1/manifests/090e34d0-cab0-5171-b189-313a7207de69.ecc110f6-9df6-5a4d-beb0-ecc8caa7f028.tsv?response-content-disposition=attachment%3Bfilename%3D%22HealthyAndCirrhoticLiver+2024-10-07+15.26.tsv%22&AWSAccessKeyId=ASIAX4XVRZKHFRH2FOZO&Signature=NY7sgoW6FwvMZ0kcZqbAU70qDyw%3D&x-amz-security-token=IQoJb3JpZ2luX2VjENn%2F%2F%2F%2F%2F%2F%2F%2F%2F%2FwEaCXVzLWVhc3QtMSJIMEYCIQCzxydzyXBrvr33D8U1HIca4dhvgdOHRyEcU3Vu0PQvtAIhAPOZ5c572EyivoNM%2BGv5B392NmFVZFGlvOaLwP7RDTXWKvYCCDIQAhoMNTQyNzU0NTg5MzI2IgyBsVhlXHUNmDxLdEYq0wIeqh6hnc9QmlgxoSoq1a0s%2FsRI8ixFX9xPffB6F3Vrfy3oZDEKv5KVHjAwOStu90x6kODzqXmiyR%2Fc23nMr8mY7wnhxZsew6But1KDvZUheVAK4TZ%2FeAp%2BD0vRBfkWP1QDbzCU8agfMlXz9gJEtiZ9MNgyPCtIILC7N5k4y93AWfpcEsHk2xENifuiGpbi4igbjJOVCLUzRCO4i2yvURoutQRVe25o0GPz%2FKP%2FIrOBQs5VN%2Bv4jziuGiZx22nJ6yZtuFSpbyfb4Hvr4YWy%2FDxOzlVvItXUqqJQ2%2Ba3rTXbcRpDbyfXh75KMO32fGOLppIeKMGbQ3Z0KvqpavfReinbisIGWCvUnu7AsSM6wCN9Y2rI4z6tqSrJvMCtlzvDOTJsdpn3A6JRB1ugpsDOBPi%2BkK08RgCwcOS78olYxoC%2B3oXNbCQApcNoOKJW0ENn%2FS315EQw4qiQuAY6nQGvs8avlLB3ftzUuQi47VXT%2F9PTiAuAAR1dzZcmMI06t32EF3hxNCbV5S46M93sAC1AwS7jXAld25BAf0FpX3G5Tx1SxT%2FiCtoeumLXmTOOGF6%2B2rH9Ow2ZfA0DwaiCyzMKBmom1cUSfscrAarQXJ8FyoTBkeXTcoUb9fqqOwQHYNAF7TzCZnFTcbdI%2BJG9i%2FGSkYSnS0yxfuXsqL3V&Expires=1728325104,49.5-65.4,BH available,histopath,10000
fibrotic,D3_H,https://explore.data.humancellatlas.org/projects/c41dffbf-ad83-447c-a0e1-13e689d9b260,https://s3.amazonaws.com/edu-ucsc-gi-platform-hca-prod-storage-prod.us-east-1/manifests/090e34d0-cab0-5171-b189-313a7207de69.ecc110f6-9df6-5a4d-beb0-ecc8caa7f028.tsv?response-content-disposition=attachment%3Bfilename%3D%22HealthyAndCirrhoticLiver+2024-10-07+15.26.tsv%22&AWSAccessKeyId=ASIAX4XVRZKHFRH2FOZO&Signature=NY7sgoW6FwvMZ0kcZqbAU70qDyw%3D&x-amz-security-token=IQoJb3JpZ2luX2VjENn%2F%2F%2F%2F%2F%2F%2F%2F%2F%2FwEaCXVzLWVhc3QtMSJIMEYCIQCzxydzyXBrvr33D8U1HIca4dhvgdOHRyEcU3Vu0PQvtAIhAPOZ5c572EyivoNM%2BGv5B392NmFVZFGlvOaLwP7RDTXWKvYCCDIQAhoMNTQyNzU0NTg5MzI2IgyBsVhlXHUNmDxLdEYq0wIeqh6hnc9QmlgxoSoq1a0s%2FsRI8ixFX9xPffB6F3Vrfy3oZDEKv5KVHjAwOStu90x6kODzqXmiyR%2Fc23nMr8mY7wnhxZsew6But1KDvZUheVAK4TZ%2FeAp%2BD0vRBfkWP1QDbzCU8agfMlXz9gJEtiZ9MNgyPCtIILC7N5k4y93AWfpcEsHk2xENifuiGpbi4igbjJOVCLUzRCO4i2yvURoutQRVe25o0GPz%2FKP%2FIrOBQs5VN%2Bv4jziuGiZx22nJ6yZtuFSpbyfb4Hvr4YWy%2FDxOzlVvItXUqqJQ2%2Ba3rTXbcRpDbyfXh75KMO32fGOLppIeKMGbQ3Z0KvqpavfReinbisIGWCvUnu7AsSM6wCN9Y2rI4z6tqSrJvMCtlzvDOTJsdpn3A6JRB1ugpsDOBPi%2BkK08RgCwcOS78olYxoC%2B3oXNbCQApcNoOKJW0ENn%2FS315EQw4qiQuAY6nQGvs8avlLB3ftzUuQi47VXT%2F9PTiAuAAR1dzZcmMI06t32EF3hxNCbV5S46M93sAC1AwS7jXAld25BAf0FpX3G5Tx1SxT%2FiCtoeumLXmTOOGF6%2B2rH9Ow2ZfA0DwaiCyzMKBmom1cUSfscrAarQXJ8FyoTBkeXTcoUb9fqqOwQHYNAF7TzCZnFTcbdI%2BJG9i%2FGSkYSnS0yxfuXsqL3V&Expires=1728325105,49.5-65.5,BH available,histopath,10000
fibrotic,D4_H,https://explore.data.humancellatlas.org/projects/c41dffbf-ad83-447c-a0e1-13e689d9b261,https://s3.amazonaws.com/edu-ucsc-gi-platform-hca-prod-storage-prod.us-east-1/manifests/090e34d0-cab0-5171-b189-313a7207de69.ecc110f6-9df6-5a4d-beb0-ecc8caa7f028.tsv?response-content-disposition=attachment%3Bfilename%3D%22HealthyAndCirrhoticLiver+2024-10-07+15.26.tsv%22&AWSAccessKeyId=ASIAX4XVRZKHFRH2FOZO&Signature=NY7sgoW6FwvMZ0kcZqbAU70qDyw%3D&x-amz-security-token=IQoJb3JpZ2luX2VjENn%2F%2F%2F%2F%2F%2F%2F%2F%2F%2FwEaCXVzLWVhc3QtMSJIMEYCIQCzxydzyXBrvr33D8U1HIca4dhvgdOHRyEcU3Vu0PQvtAIhAPOZ5c572EyivoNM%2BGv5B392NmFVZFGlvOaLwP7RDTXWKvYCCDIQAhoMNTQyNzU0NTg5MzI2IgyBsVhlXHUNmDxLdEYq0wIeqh6hnc9QmlgxoSoq1a0s%2FsRI8ixFX9xPffB6F3Vrfy3oZDEKv5KVHjAwOStu90x6kODzqXmiyR%2Fc23nMr8mY7wnhxZsew6But1KDvZUheVAK4TZ%2FeAp%2BD0vRBfkWP1QDbzCU8agfMlXz9gJEtiZ9MNgyPCtIILC7N5k4y93AWfpcEsHk2xENifuiGpbi4igbjJOVCLUzRCO4i2yvURoutQRVe25o0GPz%2FKP%2FIrOBQs5VN%2Bv4jziuGiZx22nJ6yZtuFSpbyfb4Hvr4YWy%2FDxOzlVvItXUqqJQ2%2Ba3rTXbcRpDbyfXh75KMO32fGOLppIeKMGbQ3Z0KvqpavfReinbisIGWCvUnu7AsSM6wCN9Y2rI4z6tqSrJvMCtlzvDOTJsdpn3A6JRB1ugpsDOBPi%2BkK08RgCwcOS78olYxoC%2B3oXNbCQApcNoOKJW0ENn%2FS315EQw4qiQuAY6nQGvs8avlLB3ftzUuQi47VXT%2F9PTiAuAAR1dzZcmMI06t32EF3hxNCbV5S46M93sAC1AwS7jXAld25BAf0FpX3G5Tx1SxT%2FiCtoeumLXmTOOGF6%2B2rH9Ow2ZfA0DwaiCyzMKBmom1cUSfscrAarQXJ8FyoTBkeXTcoUb9fqqOwQHYNAF7TzCZnFTcbdI%2BJG9i%2FGSkYSnS0yxfuXsqL3V&Expires=1728325106,49.5-65.6,BH available,histopath,10000
fibrotic,D5_H,https://explore.data.humancellatlas.org/projects/c41dffbf-ad83-447c-a0e1-13e689d9b262,https://s3.amazonaws.com/edu-ucsc-gi-platform-hca-prod-storage-prod.us-east-1/manifests/090e34d0-cab0-5171-b189-313a7207de69.ecc110f6-9df6-5a4d-beb0-ecc8caa7f028.tsv?response-content-disposition=attachment%3Bfilename%3D%22HealthyAndCirrhoticLiver+2024-10-07+15.26.tsv%22&AWSAccessKeyId=ASIAX4XVRZKHFRH2FOZO&Signature=NY7sgoW6FwvMZ0kcZqbAU70qDyw%3D&x-amz-security-token=IQoJb3JpZ2luX2VjENn%2F%2F%2F%2F%2F%2F%2F%2F%2F%2FwEaCXVzLWVhc3QtMSJIMEYCIQCzxydzyXBrvr33D8U1HIca4dhvgdOHRyEcU3Vu0PQvtAIhAPOZ5c572EyivoNM%2BGv5B392NmFVZFGlvOaLwP7RDTXWKvYCCDIQAhoMNTQyNzU0NTg5MzI2IgyBsVhlXHUNmDxLdEYq0wIeqh6hnc9QmlgxoSoq1a0s%2FsRI8ixFX9xPffB6F3Vrfy3oZDEKv5KVHjAwOStu90x6kODzqXmiyR%2Fc23nMr8mY7wnhxZsew6But1KDvZUheVAK4TZ%2FeAp%2BD0vRBfkWP1QDbzCU8agfMlXz9gJEtiZ9MNgyPCtIILC7N5k4y93AWfpcEsHk2xENifuiGpbi4igbjJOVCLUzRCO4i2yvURoutQRVe25o0GPz%2FKP%2FIrOBQs5VN%2Bv4jziuGiZx22nJ6yZtuFSpbyfb4Hvr4YWy%2FDxOzlVvItXUqqJQ2%2Ba3rTXbcRpDbyfXh75KMO32fGOLppIeKMGbQ3Z0KvqpavfReinbisIGWCvUnu7AsSM6wCN9Y2rI4z6tqSrJvMCtlzvDOTJsdpn3A6JRB1ugpsDOBPi%2BkK08RgCwcOS78olYxoC%2B3oXNbCQApcNoOKJW0ENn%2FS315EQw4qiQuAY6nQGvs8avlLB3ftzUuQi47VXT%2F9PTiAuAAR1dzZcmMI06t32EF3hxNCbV5S46M93sAC1AwS7jXAld25BAf0FpX3G5Tx1SxT%2FiCtoeumLXmTOOGF6%2B2rH9Ow2ZfA0DwaiCyzMKBmom1cUSfscrAarQXJ8FyoTBkeXTcoUb9fqqOwQHYNAF7TzCZnFTcbdI%2BJG9i%2FGSkYSnS0yxfuXsqL3V&Expires=1728325107,49.5-65.7,BH available,histopath,10000
cross_immune,D1_A29,https://explore.data.humancellatlas.org/projects/04e4292c-f62f-4098-ae9b-fd69ae002a90,https://storage.googleapis.com/datarepo-480d5b63-bucket/396862d2-7fc4-4f89-8e99-f528d2226274/bb781b5c-f68a-4bea-a5c9-17f42f1a780a/clonalArchitectureHumans_metadata_24-04-2023.xlsx?X-Goog-Algorithm=GOOG4-RSA-SHA256&X-Goog-Credential=datarepo-jade-api%40terra-datarepo-production.iam.gserviceaccount.com%2F20241008%2Fauto%2Fstorage%2Fgoog4_request&X-Goog-Date=20241008T045435Z&X-Goog-Expires=900&X-Goog-SignedHeaders=host&requestedBy=azul-ucsc-0-public-prod%40platform-hca-prod.iam.gserviceaccount.com&userProject=datarepo-75b50ae7&X-Goog-Signature=4bd174f114e538d40959a37b97fe116a8c767032d448f0d6346b33cb9700a89255e0c9f8e384e6bc37b953ad76a25f2b471f2bba1bec76e6daff227b095788c2323ba69e5a7792306d9bc9526ddc9c8511af08fc3886eb9828e3b427e0c760c8ee73d310d6c351611f579f84bb8b70c5141430ba40ccc3c08de8cea1270e9230b770da6b35e6941a2da31cc1e04c20a33786cbec4867f5e5a378567da3ffdfb0876713f22f8f21a7fe1c26e16d19b8bb930fd42dea952d7f8eb216267b872c5b3e42ebba208225f751e363ddce29d4dd954a8305163b1f544ee9b3bda39bfbbafeb68f1ff3740d0818eb88332207c004526960b0af66415a958c1eece3fe25e7,65-70,obesity,NA,5000
cross_immune,D2_A31,https://explore.data.humancellatlas.org/projects/04e4292c-f62f-4098-ae9b-fd69ae002a91,https://storage.googleapis.com/datarepo-480d5b63-bucket/396862d2-7fc4-4f89-8e99-f528d2226274/bb781b5c-f68a-4bea-a5c9-17f42f1a780a/clonalArchitectureHumans_metadata_24-04-2023.xlsx?X-Goog-Algorithm=GOOG4-RSA-SHA256&X-Goog-Credential=datarepo-jade-api%40terra-datarepo-production.iam.gserviceaccount.com%2F20241008%2Fauto%2Fstorage%2Fgoog4_request&X-Goog-Date=20241008T045435Z&X-Goog-Expires=900&X-Goog-SignedHeaders=host&requestedBy=azul-ucsc-0-public-prod%40platform-hca-prod.iam.gserviceaccount.com&userProject=datarepo-75b50ae7&X-Goog-Signature=4bd174f114e538d40959a37b97fe116a8c767032d448f0d6346b33cb9700a89255e0c9f8e384e6bc37b953ad76a25f2b471f2bba1bec76e6daff227b095788c2323ba69e5a7792306d9bc9526ddc9c8511af08fc3886eb9828e3b427e0c760c8ee73d310d6c351611f579f84bb8b70c5141430ba40ccc3c08de8cea1270e9230b770da6b35e6941a2da31cc1e04c20a33786cbec4867f5e5a378567da3ffdfb0876713f22f8f21a7fe1c26e16d19b8bb930fd42dea952d7f8eb216267b872c5b3e42ebba208225f751e363ddce29d4dd954a8305163b1f544ee9b3bda39bfbbafeb68f1ff3740d0818eb88332207c004526960b0af66415a958c1eece3fe25e8,50-55,"obesity, smoker",NA,5000
cross_immune,D3_A35,https://explore.data.humancellatlas.org/projects/04e4292c-f62f-4098-ae9b-fd69ae002a92,https://storage.googleapis.com/datarepo-480d5b63-bucket/396862d2-7fc4-4f89-8e99-f528d2226274/bb781b5c-f68a-4bea-a5c9-17f42f1a780a/clonalArchitectureHumans_metadata_24-04-2023.xlsx?X-Goog-Algorithm=GOOG4-RSA-SHA256&X-Goog-Credential=datarepo-jade-api%40terra-datarepo-production.iam.gserviceaccount.com%2F20241008%2Fauto%2Fstorage%2Fgoog4_request&X-Goog-Date=20241008T045435Z&X-Goog-Expires=900&X-Goog-SignedHeaders=host&requestedBy=azul-ucsc-0-public-prod%40platform-hca-prod.iam.gserviceaccount.com&userProject=datarepo-75b50ae7&X-Goog-Signature=4bd174f114e538d40959a37b97fe116a8c767032d448f0d6346b33cb9700a89255e0c9f8e384e6bc37b953ad76a25f2b471f2bba1bec76e6daff227b095788c2323ba69e5a7792306d9bc9526ddc9c8511af08fc3886eb9828e3b427e0c760c8ee73d310d6c351611f579f84bb8b70c5141430ba40ccc3c08de8cea1270e9230b770da6b35e6941a2da31cc1e04c20a33786cbec4867f5e5a378567da3ffdfb0876713f22f8f21a7fe1c26e16d19b8bb930fd42dea952d7f8eb216267b872c5b3e42ebba208225f751e363ddce29d4dd954a8305163b1f544ee9b3bda39bfbbafeb68f1ff3740d0818eb88332207c004526960b0af66415a958c1eece3fe25e9,60-65,"alcoholic, smoker",NA,5000
cross_immune,D4_A36,https://explore.data.humancellatlas.org/projects/04e4292c-f62f-4098-ae9b-fd69ae002a93,https://storage.googleapis.com/datarepo-480d5b63-bucket/396862d2-7fc4-4f89-8e99-f528d2226274/bb781b5c-f68a-4bea-a5c9-17f42f1a780a/clonalArchitectureHumans_metadata_24-04-2023.xlsx?X-Goog-Algorithm=GOOG4-RSA-SHA256&X-Goog-Credential=datarepo-jade-api%40terra-datarepo-production.iam.gserviceaccount.com%2F20241008%2Fauto%2Fstorage%2Fgoog4_request&X-Goog-Date=20241008T045435Z&X-Goog-Expires=900&X-Goog-SignedHeaders=host&requestedBy=azul-ucsc-0-public-prod%40platform-hca-prod.iam.gserviceaccount.com&userProject=datarepo-75b50ae7&X-Goog-Signature=4bd174f114e538d40959a37b97fe116a8c767032d448f0d6346b33cb9700a89255e0c9f8e384e6bc37b953ad76a25f2b471f2bba1bec76e6daff227b095788c2323ba69e5a7792306d9bc9526ddc9c8511af08fc3886eb9828e3b427e0c760c8ee73d310d6c351611f579f84bb8b70c5141430ba40ccc3c08de8cea1270e9230b770da6b35e6941a2da31cc1e04c20a33786cbec4867f5e5a378567da3ffdfb0876713f22f8f21a7fe1c26e16d19b8bb930fd42dea952d7f8eb216267b872c5b3e42ebba208225f751e363ddce29d4dd954a8305163b1f544ee9b3bda39bfbbafeb68f1ff3740d0818eb88332207c004526960b0af66415a958c1eece3fe25e10,71-75,"overweight, smoker",NA,5000
cross_immune,D5_A52,https://explore.data.humancellatlas.org/projects/04e4292c-f62f-4098-ae9b-fd69ae002a94,https://storage.googleapis.com/datarepo-480d5b63-bucket/396862d2-7fc4-4f89-8e99-f528d2226274/bb781b5c-f68a-4bea-a5c9-17f42f1a780a/clonalArchitectureHumans_metadata_24-04-2023.xlsx?X-Goog-Algorithm=GOOG4-RSA-SHA256&X-Goog-Credential=datarepo-jade-api%40terra-datarepo-production.iam.gserviceaccount.com%2F20241008%2Fauto%2Fstorage%2Fgoog4_request&X-Goog-Date=20241008T045435Z&X-Goog-Expires=900&X-Goog-SignedHeaders=host&requestedBy=azul-ucsc-0-public-prod%40platform-hca-prod.iam.gserviceaccount.com&userProject=datarepo-75b50ae7&X-Goog-Signature=4bd174f114e538d40959a37b97fe116a8c767032d448f0d6346b33cb9700a89255e0c9f8e384e6bc37b953ad76a25f2b471f2bba1bec76e6daff227b095788c2323ba69e5a7792306d9bc9526ddc9c8511af08fc3886eb9828e3b427e0c760c8ee73d310d6c351611f579f84bb8b70c5141430ba40ccc3c08de8cea1270e9230b770da6b35e6941a2da31cc1e04c20a33786cbec4867f5e5a378567da3ffdfb0876713f22f8f21a7fe1c26e16d19b8bb930fd42dea952d7f8eb216267b872c5b3e42ebba208225f751e363ddce29d4dd954a8305163b1f544ee9b3bda39bfbbafeb68f1ff3740d0818eb88332207c004526960b0af66415a958c1eece3fe25e11,60-65,severe obesity,NA,5000
allograft_dysfunction,D1_TRANS,https://explore.data.humancellatlas.org/projects/c7c54245-548b-4d4f-b15e-0d7e238ae6c8/project-metadata,https://storage.googleapis.com/datarepo-726a1c43-bucket/013a0516-2dd5-4418-a0a6-94aed1818a3b/239fd2f8-197c-48a8-bc5e-28456184084a/LiverAllograftDysfunction_metadata_15-09-2022.xlsx?X-Goog-Algorithm=GOOG4-RSA-SHA256&X-Goog-Credential=datarepo-jade-api%40terra-datarepo-production.iam.gserviceaccount.com%2F20241008%2Fauto%2Fstorage%2Fgoog4_request&X-Goog-Date=20241008T050343Z&X-Goog-Expires=900&X-Goog-SignedHeaders=host&requestedBy=azul-ucsc-0-public-prod%40platform-hca-prod.iam.gserviceaccount.com&userProject=datarepo-b9ed6937&X-Goog-Signature=7f69d1f53e2f53b1dce34621946f16e845f511893ca56863cbabb392bd98458087b175272d368a1c5a90a40772dec8cf3ef952ff1aa5ce019029a77402985b96bc84cc988c14d7766b32c6f4ebb505b874949b3348b10eba1dc064b0732cd1dd90f1e358f3783d0e853605017bfd278b551640ed372aa05b1fdb8ef38e744791b70671955760dec26c1cd9f2b70b6faf821453dae035cee588b35170a9ae80d32d7e0ade011dae949568f2f7ac4a07298a2f6e3d05d46c7cf62ab74b28d530187a2bdefc3a58c000c81e282d4f32cf9bcbf2bf8e618703853776a53749db7c1370d1e727b86d74900a52ec8dbcdf5830389311f9a53ab245c22f156960b30bd7,63.0,sketchy age,transplant_candidate,7000
allograft_dysfunction,D2_TRANS,https://explore.data.humancellatlas.org/projects/c7c54245-548b-4d4f-b15e-0d7e238ae6c8/project-metadata,https://storage.googleapis.com/datarepo-726a1c43-bucket/013a0516-2dd5-4418-a0a6-94aed1818a3b/239fd2f8-197c-48a8-bc5e-28456184084a/LiverAllograftDysfunction_metadata_15-09-2022.xlsx?X-Goog-Algorithm=GOOG4-RSA-SHA256&X-Goog-Credential=datarepo-jade-api%40terra-datarepo-production.iam.gserviceaccount.com%2F20241008%2Fauto%2Fstorage%2Fgoog4_request&X-Goog-Date=20241008T050343Z&X-Goog-Expires=900&X-Goog-SignedHeaders=host&requestedBy=azul-ucsc-0-public-prod%40platform-hca-prod.iam.gserviceaccount.com&userProject=datarepo-b9ed6937&X-Goog-Signature=7f69d1f53e2f53b1dce34621946f16e845f511893ca56863cbabb392bd98458087b175272d368a1c5a90a40772dec8cf3ef952ff1aa5ce019029a77402985b96bc84cc988c14d7766b32c6f4ebb505b874949b3348b10eba1dc064b0732cd1dd90f1e358f3783d0e853605017bfd278b551640ed372aa05b1fdb8ef38e744791b70671955760dec26c1cd9f2b70b6faf821453dae035cee588b35170a9ae80d32d7e0ade011dae949568f2f7ac4a07298a2f6e3d05d46c7cf62ab74b28d530187a2bdefc3a58c000c81e282d4f32cf9bcbf2bf8e618703853776a53749db7c1370d1e727b86d74900a52ec8dbcdf5830389311f9a53ab245c22f156960b30bd8,62.0,sketchy age,transplant_candidate,7000
allograft_dysfunction,D3_TRANS,https://explore.data.humancellatlas.org/projects/c7c54245-548b-4d4f-b15e-0d7e238ae6c8/project-metadata,https://storage.googleapis.com/datarepo-726a1c43-bucket/013a0516-2dd5-4418-a0a6-94aed1818a3b/239fd2f8-197c-48a8-bc5e-28456184084a/LiverAllograftDysfunction_metadata_15-09-2022.xlsx?X-Goog-Algorithm=GOOG4-RSA-SHA256&X-Goog-Credential=datarepo-jade-api%40terra-datarepo-production.iam.gserviceaccount.com%2F20241008%2Fauto%2Fstorage%2Fgoog4_request&X-Goog-Date=20241008T050343Z&X-Goog-Expires=900&X-Goog-SignedHeaders=host&requestedBy=azul-ucsc-0-public-prod%40platform-hca-prod.iam.gserviceaccount.com&userProject=datarepo-b9ed6937&X-Goog-Signature=7f69d1f53e2f53b1dce34621946f16e845f511893ca56863cbabb392bd98458087b175272d368a1c5a90a40772dec8cf3ef952ff1aa5ce019029a77402985b96bc84cc988c14d7766b32c6f4ebb505b874949b3348b10eba1dc064b0732cd1dd90f1e358f3783d0e853605017bfd278b551640ed372aa05b1fdb8ef38e744791b70671955760dec26c1cd9f2b70b6faf821453dae035cee588b35170a9ae80d32d7e0ade011dae949568f2f7ac4a07298a2f6e3d05d46c7cf62ab74b28d530187a2bdefc3a58c000c81e282d4f32cf9bcbf2bf8e618703853776a53749db7c1370d1e727b86d74900a52ec8dbcdf5830389311f9a53ab245c22f156960b30bd9,65.0,sketchy age,transplant_candidate,7000
allograft_dysfunction,D4_TRANS,https://explore.data.humancellatlas.org/projects/c7c54245-548b-4d4f-b15e-0d7e238ae6c8/project-metadata,https://storage.googleapis.com/datarepo-726a1c43-bucket/013a0516-2dd5-4418-a0a6-94aed1818a3b/239fd2f8-197c-48a8-bc5e-28456184084a/LiverAllograftDysfunction_metadata_15-09-2022.xlsx?X-Goog-Algorithm=GOOG4-RSA-SHA256&X-Goog-Credential=datarepo-jade-api%40terra-datarepo-production.iam.gserviceaccount.com%2F20241008%2Fauto%2Fstorage%2Fgoog4_request&X-Goog-Date=20241008T050343Z&X-Goog-Expires=900&X-Goog-SignedHeaders=host&requestedBy=azul-ucsc-0-public-prod%40platform-hca-prod.iam.gserviceaccount.com&userProject=datarepo-b9ed6937&X-Goog-Signature=7f69d1f53e2f53b1dce34621946f16e845f511893ca56863cbabb392bd98458087b175272d368a1c5a90a40772dec8cf3ef952ff1aa5ce019029a77402985b96bc84cc988c14d7766b32c6f4ebb505b874949b3348b10eba1dc064b0732cd1dd90f1e358f3783d0e853605017bfd278b551640ed372aa05b1fdb8ef38e744791b70671955760dec26c1cd9f2b70b6faf821453dae035cee588b35170a9ae80d32d7e0ade011dae949568f2f7ac4a07298a2f6e3d05d46c7cf62ab74b28d530187a2bdefc3a58c000c81e282d4f32cf9bcbf2bf8e618703853776a53749db7c1370d1e727b86d74900a52ec8dbcdf5830389311f9a53ab245c22f156960b30bd10,53.0,sketchy age,transplant_candidate,7000
